experiment,dataset,quantity,polymer_type,model,train_size,split,rmse_mean,rmse_std,mae_mean,mae_std,mse_mean,n_folds,n_samples_mean
MD_5000/Cp/alternating_Cp/seed_42,MD_5000,Cp,alternating,RDKit_RF,300,test,183.61811302224518,4.8439048101040285,129.18193649104134,3.9770451719824664,33739.07484365936,5,2780.0
MD_5000/Cp/alternating_Cp/seed_42,MD_5000,Cp,alternating,RDKit_RF,300,train,66.20793316895681,7.204880522887674,46.38550800928876,3.0577513480118523,4435.400717854138,5,300.0
MD_5000/Cp/alternating_Cp/seed_42,MD_5000,Cp,alternating,RDKit_RF,300,val,186.40598133635808,6.202247703794722,131.19836902262875,2.9775448880038353,34785.6577545499,5,2780.0
MD_5000/Cp/alternating_Cp/seed_42,MD_5000,Cp,alternating,RDKit_RF,1000,test,139.98216275348017,3.6503148209694394,100.61142813672245,2.2126345804317005,19608.330687433994,5,2780.0
MD_5000/Cp/alternating_Cp/seed_42,MD_5000,Cp,alternating,RDKit_RF,1000,train,51.01185116225286,1.4792600511822303,36.521101722867726,1.2254513327632426,2604.3971692988625,5,1000.0
MD_5000/Cp/alternating_Cp/seed_42,MD_5000,Cp,alternating,RDKit_RF,1000,val,141.10875726150772,3.7157613112220087,101.20404506262307,2.3647442722978154,19925.488258009085,5,2780.0
MD_5000/Cp/alternating_Cp/seed_42,MD_5000,Cp,alternating,RDKit_RF,3000,test,114.07727164675794,3.230190032405022,82.70812118561973,1.7930854994046725,13024.058034013653,5,2780.0
MD_5000/Cp/alternating_Cp/seed_42,MD_5000,Cp,alternating,RDKit_RF,3000,train,43.24661674551326,1.2018093043494515,31.128815037978292,0.5556208292408962,1871.7142055373286,5,3000.0
MD_5000/Cp/alternating_Cp/seed_42,MD_5000,Cp,alternating,RDKit_RF,3000,val,115.77654195272062,3.932553009057463,83.38412841592569,1.8827451849882462,13419.672639699125,5,2780.0
MD_5000/Cp/alternating_Cp/seed_42,MD_5000,Cp,alternating,RDKit_RF,10000,test,99.87566734506618,1.6592303911557875,71.95489298804878,1.1784850828285054,9977.901973113254,5,2780.0
MD_5000/Cp/alternating_Cp/seed_42,MD_5000,Cp,alternating,RDKit_RF,10000,train,36.957042579981376,0.4482954649988559,26.805605751119792,0.30002922581516517,1366.0239650824954,5,10000.0
MD_5000/Cp/alternating_Cp/seed_42,MD_5000,Cp,alternating,RDKit_RF,10000,val,101.86828338357063,4.156844365996193,72.89118186323674,1.6256422712482226,10394.426514598566,5,2780.0
MD_5000/Cp/alternating_Cp/seed_42,MD_5000,Cp,alternating,polyBERT,300,test,271.4289186513205,12.371070165695583,207.55420167332932,7.5234735656731475,73826.7012572697,5,2780.0
MD_5000/Cp/alternating_Cp/seed_42,MD_5000,Cp,alternating,polyBERT,300,train,140.1331430710767,3.174636973993754,110.21492667643228,2.53357161307523,19647.376106895495,5,300.0
MD_5000/Cp/alternating_Cp/seed_42,MD_5000,Cp,alternating,polyBERT,300,val,271.47301729837596,10.64481199855608,206.15721311720154,6.651002237291942,73810.91114356893,5,2780.0
MD_5000/Cp/alternating_Cp/seed_42,MD_5000,Cp,alternating,polyBERT,1000,test,192.05667237932195,4.781725775059073,146.07797726857578,3.396667520738323,36908.63030680608,5,2780.0
MD_5000/Cp/alternating_Cp/seed_42,MD_5000,Cp,alternating,polyBERT,1000,train,97.64813295726289,2.5976030410708053,74.89235664062501,2.2872283778529763,9541.90541159827,5,1000.0
MD_5000/Cp/alternating_Cp/seed_42,MD_5000,Cp,alternating,polyBERT,1000,val,191.62893817243315,4.286201193597248,146.00782775439805,3.1205536690225038,36740.0214657662,5,2780.0
MD_5000/Cp/alternating_Cp/seed_42,MD_5000,Cp,alternating,polyBERT,3000,test,146.72168437233208,1.8530846595411619,112.8471763995054,1.3770019651790115,21530.686587809665,5,2780.0
MD_5000/Cp/alternating_Cp/seed_42,MD_5000,Cp,alternating,polyBERT,3000,train,78.61391359478124,1.3805863327948296,60.438852579752606,0.9741329042861412,6182.053429310031,5,3000.0
MD_5000/Cp/alternating_Cp/seed_42,MD_5000,Cp,alternating,polyBERT,3000,val,147.96530104281862,2.120785498448177,113.2703254798505,1.4241039139891798,21898.228043822368,5,2780.0
MD_5000/Cp/alternating_Cp/seed_42,MD_5000,Cp,alternating,polyBERT,10000,test,124.37008960844882,1.6079583600428717,95.14289598204249,1.328747237241832,15470.504719301223,5,2780.0
MD_5000/Cp/alternating_Cp/seed_42,MD_5000,Cp,alternating,polyBERT,10000,train,79.58230016732524,1.582980523805659,61.27868958984375,1.234395803238048,6335.848327261003,5,10000.0
MD_5000/Cp/alternating_Cp/seed_42,MD_5000,Cp,alternating,polyBERT,10000,val,125.68711769287586,1.0275488740909604,95.97066422057667,0.5722675952081958,15798.307410631474,5,2780.0
MD_5000/Cp/alternating_Cp/seed_42,MD_5000,Cp,alternating,polymer_chemprop,300,test,96.33985916125546,3.22670005067396,,,,5,2780.0
MD_5000/Cp/alternating_Cp/seed_42,MD_5000,Cp,alternating,polymer_chemprop,1000,test,75.06914599793618,1.3600793751190663,,,,5,2780.0
MD_5000/Cp/alternating_Cp/seed_42,MD_5000,Cp,alternating,polymer_chemprop,3000,test,69.75692602845183,0.45342185817626185,,,,5,2780.0
MD_5000/Cp/alternating_Cp/seed_42,MD_5000,Cp,alternating,polymer_chemprop,10000,test,68.38653515963885,0.3276850770606631,,,,5,2780.0
MD_5000/Cp/alternating_Cp/seed_42,MD_5000,Cp,alternating,polymer_periodic_graph,300,test,102.52015360692273,3.5964969580703716,,,,5,2780.0
MD_5000/Cp/alternating_Cp/seed_42,MD_5000,Cp,alternating,polymer_periodic_graph,1000,test,73.29734571012615,1.2812107178008156,,,,5,2780.0
MD_5000/Cp/alternating_Cp/seed_42,MD_5000,Cp,alternating,polymer_periodic_graph,3000,test,69.39455788034249,0.717114402762369,,,,5,2780.0
MD_5000/Cp/alternating_Cp/seed_42,MD_5000,Cp,alternating,polymer_periodic_graph,10000,test,68.1810377246579,0.7314736510955039,,,,5,2780.0
MD_5000/Cp/homopolymer_Cp/seed_42,MD_5000,Cp,homopolymer,RDKit_RF,300,test,238.13359500041238,25.14434446359589,167.01690732192384,11.947369739396462,57339.84712632441,5,180.0
MD_5000/Cp/homopolymer_Cp/seed_42,MD_5000,Cp,homopolymer,RDKit_RF,300,train,85.0339864984322,5.503242798743676,58.20833066468242,2.251911329529293,7261.064541117475,5,300.0
MD_5000/Cp/homopolymer_Cp/seed_42,MD_5000,Cp,homopolymer,RDKit_RF,300,val,235.4074343335144,12.80022891797834,165.96783228373138,9.956077505096998,55580.50599984054,5,180.0
MD_5000/Cp/homopolymer_Cp/seed_42,MD_5000,Cp,homopolymer,RDKit_RF,1000,test,166.1702741578487,14.798816772015522,117.83860101239573,7.096089381224741,27831.56499154628,5,180.0
MD_5000/Cp/homopolymer_Cp/seed_42,MD_5000,Cp,homopolymer,RDKit_RF,1000,train,64.65656200027732,1.168411025935987,43.836760144198095,0.8466698490815856,4181.836194021234,5,1000.0
MD_5000/Cp/homopolymer_Cp/seed_42,MD_5000,Cp,homopolymer,RDKit_RF,1000,val,169.42649625751343,6.971225359909729,117.60158044041029,5.913496514761484,28753.93561711586,5,180.0
MD_5000/Cp/homopolymer_Cp/seed_42,MD_5000,Cp,homopolymer,polyBERT,300,test,381.0740302386213,33.8010073095174,280.7910552978516,27.329985402340473,146359.9246174437,5,180.0
MD_5000/Cp/homopolymer_Cp/seed_42,MD_5000,Cp,homopolymer,polyBERT,300,train,74.17859300660297,9.733626217873026,56.17548946126302,6.796155751658627,5597.207139788511,5,300.0
MD_5000/Cp/homopolymer_Cp/seed_42,MD_5000,Cp,homopolymer,polyBERT,300,val,394.3974997583119,20.40022495081781,293.1626245117187,13.221028258052863,155965.55699365158,5,180.0
MD_5000/Cp/homopolymer_Cp/seed_42,MD_5000,Cp,homopolymer,polyBERT,1000,test,239.26738414809762,10.401613553429279,175.4279278564453,9.489827054592396,57357.07468158818,5,180.0
MD_5000/Cp/homopolymer_Cp/seed_42,MD_5000,Cp,homopolymer,polyBERT,1000,train,55.53111229310857,9.507822614470278,40.04209091796875,7.76852511272024,3174.103123378067,5,1000.0
MD_5000/Cp/homopolymer_Cp/seed_42,MD_5000,Cp,homopolymer,polyBERT,1000,val,241.7830539469122,22.094954341853544,176.3294591606988,9.578050515137983,58947.23218326403,5,180.0
MD_5000/Cp/homopolymer_Cp/seed_42,MD_5000,Cp,homopolymer,polymer_chemprop,300,test,132.2877679091746,22.775925235132167,,,,5,180.0
MD_5000/Cp/homopolymer_Cp/seed_42,MD_5000,Cp,homopolymer,polymer_chemprop,1000,test,83.32207044395327,5.256043304955359,,,,5,180.0
MD_5000/Cp/homopolymer_Cp/seed_42,MD_5000,Cp,homopolymer,polymer_periodic_graph,300,test,126.79961670392754,4.490852026993521,,,,5,180.0
MD_5000/Cp/homopolymer_Cp/seed_42,MD_5000,Cp,homopolymer,polymer_periodic_graph,1000,test,85.37864274543169,6.578477251915504,,,,5,180.0
MD_5000/Cv/homopolymer_Cv/seed_42,MD_5000,Cv,homopolymer,RDKit_RF,300,test,0.05166409024118368,0.009533861669147187,0.03561474174932344,0.004388684038790894,0.0027600727387756046,5,179.0
MD_5000/Cv/homopolymer_Cv/seed_42,MD_5000,Cv,homopolymer,RDKit_RF,300,train,0.02015826983690005,0.000841727534111854,0.0139879172084249,0.00016024682655874155,0.00040706434805895644,5,300.0
MD_5000/Cv/homopolymer_Cv/seed_42,MD_5000,Cv,homopolymer,RDKit_RF,300,val,0.05271022486868623,0.0027401743823108815,0.03682650990025045,0.0024037584333280763,0.002785876361352941,5,179.0
MD_5000/Cv/homopolymer_Cv/seed_42,MD_5000,Cv,homopolymer,RDKit_RF,1000,test,0.037575032289124774,0.005613634529569568,0.024422912904925355,0.00272112797647619,0.0014433959441603455,5,179.0
MD_5000/Cv/homopolymer_Cv/seed_42,MD_5000,Cv,homopolymer,RDKit_RF,1000,train,0.014852067479933163,0.0005717316183732138,0.009637552279501542,0.00019961839042060658,0.00022091078547193584,5,1000.0
MD_5000/Cv/homopolymer_Cv/seed_42,MD_5000,Cv,homopolymer,RDKit_RF,1000,val,0.03425445082183702,0.0052773567487669985,0.02316377793097979,0.0023377741346428424,0.0012012178953594078,5,179.0
MD_5000/Cv/homopolymer_Cv/seed_42,MD_5000,Cv,homopolymer,polyBERT,300,test,0.09791230850381924,0.00854794616585378,0.07329746851041996,0.006847091286863637,0.009659887540201407,5,179.0
MD_5000/Cv/homopolymer_Cv/seed_42,MD_5000,Cv,homopolymer,polyBERT,300,train,0.007033567448701766,0.006540781919741534,0.0050859943230946855,0.005326526774632727,9.225289917705482e-05,5,300.0
MD_5000/Cv/homopolymer_Cv/seed_42,MD_5000,Cv,homopolymer,polyBERT,300,val,0.09342940004403921,0.0022645844600406085,0.07208465397690927,0.0014815909118082577,0.008734181135365773,5,179.0
MD_5000/Cv/homopolymer_Cv/seed_42,MD_5000,Cv,homopolymer,polyBERT,1000,test,0.06391776659579977,0.008121128743253127,0.0474012707864772,0.005130450907916013,0.00415143361865963,5,179.0
MD_5000/Cv/homopolymer_Cv/seed_42,MD_5000,Cv,homopolymer,polyBERT,1000,train,0.0038787922817996277,0.0013240348283548576,0.0028567010641098022,0.0010851302676672906,1.679809779204504e-05,5,1000.0
MD_5000/Cv/homopolymer_Cv/seed_42,MD_5000,Cv,homopolymer,polyBERT,1000,val,0.06090076906281237,0.003419216159883547,0.04523950562130805,0.0022205405785079816,0.0037205947115900133,5,179.0
MD_5000/Cv/homopolymer_Cv/seed_42,MD_5000,Cv,homopolymer,polymer_chemprop,300,test,0.02971628826580114,0.006383954226289129,,,,5,179.0
MD_5000/Cv/homopolymer_Cv/seed_42,MD_5000,Cv,homopolymer,polymer_chemprop,1000,test,0.012604712801805907,0.0031030867797093124,,,,5,179.0
MD_5000/Cv/homopolymer_Cv/seed_42,MD_5000,Cv,homopolymer,polymer_periodic_graph,300,test,0.03179905199121685,0.006396827205006027,,,,5,179.0
MD_5000/Cv/homopolymer_Cv/seed_42,MD_5000,Cv,homopolymer,polymer_periodic_graph,1000,test,0.012448820822320945,0.0020476317360764423,,,,5,179.0
MD_5000/Rg/alternating_Rg/seed_42,MD_5000,Rg,alternating,RDKit_RF,300,test,4.045919322359036,0.09920647817513831,2.2192760913915217,0.10340919100888094,16.37930508835012,5,2780.0
MD_5000/Rg/alternating_Rg/seed_42,MD_5000,Rg,alternating,RDKit_RF,300,train,1.57438741815139,0.24871901805339836,0.86280956544683,0.11073284215607927,2.540556892374846,5,300.0
MD_5000/Rg/alternating_Rg/seed_42,MD_5000,Rg,alternating,RDKit_RF,300,val,4.136019022876077,0.17101142570958913,2.2542302349153993,0.07156172224352805,17.13589826531601,5,2780.0
MD_5000/Rg/alternating_Rg/seed_42,MD_5000,Rg,alternating,RDKit_RF,1000,test,3.94176385723918,0.1121086886128595,2.1409075523485113,0.08291430884766184,15.550070664299597,5,2780.0
MD_5000/Rg/alternating_Rg/seed_42,MD_5000,Rg,alternating,RDKit_RF,1000,train,1.4971705602191503,0.1264374734082366,0.8024074449140028,0.05600617932626254,2.2575061210687832,5,1000.0
MD_5000/Rg/alternating_Rg/seed_42,MD_5000,Rg,alternating,RDKit_RF,1000,val,4.050440870647716,0.12935945451329578,2.1854196959962824,0.04920113028784301,16.422805115085403,5,2780.0
MD_5000/Rg/alternating_Rg/seed_42,MD_5000,Rg,alternating,RDKit_RF,3000,test,3.7825558886691217,0.0750941146460131,2.0182727670442233,0.07142364489443762,14.313368176959921,5,2780.0
MD_5000/Rg/alternating_Rg/seed_42,MD_5000,Rg,alternating,RDKit_RF,3000,train,1.4175853439909731,0.0677063546975141,0.7557163237901567,0.028738209443856435,2.0141323579644315,5,3000.0
MD_5000/Rg/alternating_Rg/seed_42,MD_5000,Rg,alternating,RDKit_RF,3000,val,3.884634894928097,0.13562474928798238,2.0589963344537976,0.035668631999279596,15.108782339512453,5,2780.0
MD_5000/Rg/alternating_Rg/seed_42,MD_5000,Rg,alternating,RDKit_RF,10000,test,3.6405829749280834,0.1258196520774926,1.9266244097384047,0.06301450463124485,13.269674982185114,5,2780.0
MD_5000/Rg/alternating_Rg/seed_42,MD_5000,Rg,alternating,RDKit_RF,10000,train,1.3779373614246526,0.025499682207856478,0.7226651044695187,0.011302796516107981,1.899361605802636,5,10000.0
MD_5000/Rg/alternating_Rg/seed_42,MD_5000,Rg,alternating,RDKit_RF,10000,val,3.703727563229214,0.17237100798635663,1.943924894395338,0.0572751334785784,13.747309627018046,5,2780.0
MD_5000/Rg/alternating_Rg/seed_42,MD_5000,Rg,alternating,polyBERT,300,test,4.136269108566413,0.09403923814370882,2.52111866796617,0.07955819879142123,17.117565516791437,5,2780.0
MD_5000/Rg/alternating_Rg/seed_42,MD_5000,Rg,alternating,polyBERT,300,train,2.910461921108672,0.7029152591821922,1.834846492767334,0.40252669757269166,8.96487845581475,5,300.0
MD_5000/Rg/alternating_Rg/seed_42,MD_5000,Rg,alternating,polyBERT,300,val,4.232799798764114,0.12160240673157893,2.5533351371614197,0.05546526566121052,17.93138128174044,5,2780.0
MD_5000/Rg/alternating_Rg/seed_42,MD_5000,Rg,alternating,polyBERT,1000,test,3.9203481977998407,0.1245652835250909,2.296191885145448,0.05916428977799025,15.38464650185215,5,2780.0
MD_5000/Rg/alternating_Rg/seed_42,MD_5000,Rg,alternating,polyBERT,1000,train,2.3594443681516624,0.5476409455618225,1.4463782745361329,0.2933215571182718,5.866888331658444,5,1000.0
MD_5000/Rg/alternating_Rg/seed_42,MD_5000,Rg,alternating,polyBERT,1000,val,3.90954055659997,0.08755240934707825,2.301849276281947,0.05620586593355731,15.292172788082478,5,2780.0
MD_5000/Rg/alternating_Rg/seed_42,MD_5000,Rg,alternating,polyBERT,3000,test,3.322907342397751,0.08808020286899469,1.8713359503094242,0.034460206799205396,11.04947132829833,5,2780.0
MD_5000/Rg/alternating_Rg/seed_42,MD_5000,Rg,alternating,polyBERT,3000,train,1.2248706734519148,0.19034485103557672,0.8688495179494222,0.10329360436571777,1.5365393289983031,5,3000.0
MD_5000/Rg/alternating_Rg/seed_42,MD_5000,Rg,alternating,polyBERT,3000,val,3.3407940082775385,0.1334194710067609,1.8673678188529805,0.07877393702195058,11.178705360986822,5,2780.0
MD_5000/Rg/alternating_Rg/seed_42,MD_5000,Rg,alternating,polyBERT,10000,test,2.4882490276922264,0.07516908238490556,1.4517551837207603,0.029987564096488867,6.197033614757899,5,2780.0
MD_5000/Rg/alternating_Rg/seed_42,MD_5000,Rg,alternating,polyBERT,10000,train,0.9855200540974964,0.08466390469951925,0.741639501361847,0.06351600327753852,0.9784177537873016,5,10000.0
MD_5000/Rg/alternating_Rg/seed_42,MD_5000,Rg,alternating,polyBERT,10000,val,2.4039332318495195,0.07337587596876738,1.413669918389629,0.033173606761916344,5.784279002364659,5,2780.0
MD_5000/Rg/alternating_Rg/seed_42,MD_5000,Rg,alternating,polymer_chemprop,300,test,3.9332664734216523,0.06298038507399312,,,,5,2780.0
MD_5000/Rg/alternating_Rg/seed_42,MD_5000,Rg,alternating,polymer_chemprop,1000,test,2.4209438078156085,0.07704428713575054,,,,5,2780.0
MD_5000/Rg/alternating_Rg/seed_42,MD_5000,Rg,alternating,polymer_chemprop,3000,test,1.7037051149816846,0.053682426997541284,,,,5,2780.0
MD_5000/Rg/alternating_Rg/seed_42,MD_5000,Rg,alternating,polymer_chemprop,10000,test,1.3049438063362415,0.011735100777868133,,,,5,2780.0
MD_5000/Rg/alternating_Rg/seed_42,MD_5000,Rg,alternating,polymer_periodic_graph,300,test,3.9719839380131163,0.07634123111030362,,,,5,2780.0
MD_5000/Rg/alternating_Rg/seed_42,MD_5000,Rg,alternating,polymer_periodic_graph,1000,test,3.454688407465054,0.28061224966270787,,,,5,2780.0
MD_5000/Rg/alternating_Rg/seed_42,MD_5000,Rg,alternating,polymer_periodic_graph,3000,test,1.9666680267156416,0.08475172471997179,,,,5,2780.0
MD_5000/Rg/alternating_Rg/seed_42,MD_5000,Rg,alternating,polymer_periodic_graph,10000,test,1.4151851531364157,0.07177387891056473,,,,5,2780.0
MD_5000/Rg/homopolymer_Rg/seed_42,MD_5000,Rg,homopolymer,RDKit_RF,300,test,6.599908721691095,0.7191155649856183,3.872388561645805,0.42114624192155,44.07592233045877,5,180.0
MD_5000/Rg/homopolymer_Rg/seed_42,MD_5000,Rg,homopolymer,RDKit_RF,300,train,2.4135344429284222,0.18061367501002817,1.423491758528114,0.09319733449548626,5.857769806802438,5,300.0
MD_5000/Rg/homopolymer_Rg/seed_42,MD_5000,Rg,homopolymer,RDKit_RF,300,val,7.0005197757388045,0.7544886533757179,3.933575813960237,0.46415092871025493,49.576530258582785,5,180.0
MD_5000/Rg/homopolymer_Rg/seed_42,MD_5000,Rg,homopolymer,RDKit_RF,1000,test,6.352399750905505,0.5177119150996149,3.719573323663068,0.27957044673737924,40.621008222340436,5,180.0
MD_5000/Rg/homopolymer_Rg/seed_42,MD_5000,Rg,homopolymer,RDKit_RF,1000,train,2.460522430323277,0.0793671430430312,1.4044597804021788,0.046694726780355064,6.060469773518777,5,1000.0
MD_5000/Rg/homopolymer_Rg/seed_42,MD_5000,Rg,homopolymer,RDKit_RF,1000,val,6.434264783555976,0.6874764814032792,3.641942877637394,0.3676695833249377,41.87238721739126,5,180.0
MD_5000/Rg/homopolymer_Rg/seed_42,MD_5000,Rg,homopolymer,polyBERT,300,test,5.835426715390761,0.3851430300671645,3.7925210899776878,0.22736137534726977,34.20054010430552,5,180.0
MD_5000/Rg/homopolymer_Rg/seed_42,MD_5000,Rg,homopolymer,polyBERT,300,train,1.6442416332932084,1.1421551455839416,1.0740778894424439,0.8295882340353409,4.008048925238593,5,300.0
MD_5000/Rg/homopolymer_Rg/seed_42,MD_5000,Rg,homopolymer,polyBERT,300,val,6.152459373448777,0.20482629844644507,3.777966811392042,0.2645638760344281,37.89471015447299,5,180.0
MD_5000/Rg/homopolymer_Rg/seed_42,MD_5000,Rg,homopolymer,polyBERT,1000,test,4.590062074820194,0.40541300701816,2.9292137156592473,0.18023560765448032,21.23302955696218,5,180.0
MD_5000/Rg/homopolymer_Rg/seed_42,MD_5000,Rg,homopolymer,polyBERT,1000,train,0.8329640828087472,0.1847139215103869,0.5473999651908874,0.14086229959262547,0.7279483960491627,5,1000.0
MD_5000/Rg/homopolymer_Rg/seed_42,MD_5000,Rg,homopolymer,polyBERT,1000,val,4.440818690162838,0.3966721111650861,2.797461245854696,0.1955602997972073,19.878219402675757,5,180.0
MD_5000/Rg/homopolymer_Rg/seed_42,MD_5000,Rg,homopolymer,polymer_chemprop,300,test,4.626900473804663,0.565546143517119,,,,5,180.0
MD_5000/Rg/homopolymer_Rg/seed_42,MD_5000,Rg,homopolymer,polymer_chemprop,1000,test,3.141123131087492,0.5017071184197254,,,,5,180.0
MD_5000/Rg/homopolymer_Rg/seed_42,MD_5000,Rg,homopolymer,polymer_periodic_graph,300,test,6.151183045397789,0.6092250777917272,,,,5,180.0
MD_5000/Rg/homopolymer_Rg/seed_42,MD_5000,Rg,homopolymer,polymer_periodic_graph,1000,test,3.5261924745726096,0.622687586335703,,,,5,180.0
MD_5000/density/alternating_density/seed_42,MD_5000,density,alternating,RDKit_RF,300,test,0.05398521320349645,0.0030321054112498486,0.03728359837123044,0.0021292552293738494,0.0029235969078518975,5,2780.0
MD_5000/density/alternating_density/seed_42,MD_5000,density,alternating,RDKit_RF,300,train,0.020913855168550134,0.002618824395308728,0.013377937649262678,0.0007064951841518625,0.00044424757922455535,5,300.0
MD_5000/density/alternating_density/seed_42,MD_5000,density,alternating,RDKit_RF,300,val,0.05345615492229738,0.0031506014508485437,0.036996907415967256,0.0023314084297019304,0.0028674867885787473,5,2780.0
MD_5000/density/alternating_density/seed_42,MD_5000,density,alternating,RDKit_RF,1000,test,0.043959363784955775,0.0020540659034736174,0.029995407917273936,0.0011814965286922753,0.0019366448511138937,5,2780.0
MD_5000/density/alternating_density/seed_42,MD_5000,density,alternating,RDKit_RF,1000,train,0.01582409252258447,0.0004844967495950077,0.010760320675612275,0.0001219677675922638,0.0002506366412636819,5,1000.0
MD_5000/density/alternating_density/seed_42,MD_5000,density,alternating,RDKit_RF,1000,val,0.04321063120305332,0.001486307655834504,0.02951039315794845,0.0012201223518499033,0.0018693677594140774,5,2780.0
MD_5000/density/alternating_density/seed_42,MD_5000,density,alternating,RDKit_RF,3000,test,0.036185219540989695,0.0012739686450117128,0.024621069082784528,0.0005206507120567232,0.0013109931093380953,5,2780.0
MD_5000/density/alternating_density/seed_42,MD_5000,density,alternating,RDKit_RF,3000,train,0.01378468876461544,0.0005380340416328051,0.009106598468904971,0.00018541907560724134,0.0001903071249672709,5,3000.0
MD_5000/density/alternating_density/seed_42,MD_5000,density,alternating,RDKit_RF,3000,val,0.03582805357135567,0.0006010388267877002,0.024370243904623105,0.0005839359229953201,0.0012840106703832376,5,2780.0
MD_5000/density/alternating_density/seed_42,MD_5000,density,alternating,RDKit_RF,10000,test,0.02896830050982422,0.0007291321148810795,0.01983200166064025,0.00021106172482367335,0.0008396940680684333,5,2780.0
MD_5000/density/alternating_density/seed_42,MD_5000,density,alternating,RDKit_RF,10000,train,0.010944107930013247,0.00021023539284533127,0.007430281375908508,7.566609820923013e-05,0.00011981769730418368,5,10000.0
MD_5000/density/alternating_density/seed_42,MD_5000,density,alternating,RDKit_RF,10000,val,0.02946275395090479,0.0007439473001570935,0.019877263412747384,0.00037755595244334664,0.0008686073279569669,5,2780.0
MD_5000/density/alternating_density/seed_42,MD_5000,density,alternating,polyBERT,300,test,0.09290387372773198,0.0019142127831226056,0.07119533338992716,0.0013580136902886395,0.008634793964197439,5,2780.0
MD_5000/density/alternating_density/seed_42,MD_5000,density,alternating,polyBERT,300,train,0.014542712517697214,0.004328546800819089,0.01050578276316325,0.003152969314672842,0.00023022680477926844,5,300.0
MD_5000/density/alternating_density/seed_42,MD_5000,density,alternating,polyBERT,300,val,0.09222284287659462,0.002624425189431656,0.07018464313994208,0.002199336692310774,0.00851194035581598,5,2780.0
MD_5000/density/alternating_density/seed_42,MD_5000,density,alternating,polyBERT,1000,test,0.06539217986555142,0.0019569741260504116,0.04991134255052471,0.0012773988539871149,0.0042799669352986585,5,2780.0
MD_5000/density/alternating_density/seed_42,MD_5000,density,alternating,polyBERT,1000,train,0.009240761499622576,0.0035222653038830196,0.006598296630382539,0.002799710737747185,9.7798025963845e-05,5,1000.0
MD_5000/density/alternating_density/seed_42,MD_5000,density,alternating,polyBERT,1000,val,0.06512865957387008,0.0019381684426914916,0.04946526871310721,0.0011249555221246122,0.004245498794801305,5,2780.0
MD_5000/density/alternating_density/seed_42,MD_5000,density,alternating,polyBERT,3000,test,0.050525982996265005,0.0006915824945267151,0.0382513525674669,0.0002788111470539031,0.002553353244085596,5,2780.0
MD_5000/density/alternating_density/seed_42,MD_5000,density,alternating,polyBERT,3000,train,0.011546204447270513,0.0020907631147813704,0.008642471559842428,0.001858970233542342,0.0001376861275402997,5,3000.0
MD_5000/density/alternating_density/seed_42,MD_5000,density,alternating,polyBERT,3000,val,0.05042338400427291,0.0008239175093683523,0.038240665982095454,0.00033981877582293197,0.002543196494504609,5,2780.0
MD_5000/density/alternating_density/seed_42,MD_5000,density,alternating,polyBERT,10000,test,0.039750646859060004,0.0005211430517125692,0.029887118352402885,0.00034573897009828946,0.0015803855157940448,5,2780.0
MD_5000/density/alternating_density/seed_42,MD_5000,density,alternating,polyBERT,10000,train,0.012275820100685956,0.0008933709840972044,0.008849224699735642,0.0007549002738898731,0.0001514938708596322,5,10000.0
MD_5000/density/alternating_density/seed_42,MD_5000,density,alternating,polyBERT,10000,val,0.03945288626201345,0.00036224002249899323,0.029873378718499655,0.0002967583801821006,0.00155666145223727,5,2780.0
MD_5000/density/alternating_density/seed_42,MD_5000,density,alternating,polymer_chemprop,300,test,0.030741774522351335,0.001733198846738152,,,,5,2780.0
MD_5000/density/alternating_density/seed_42,MD_5000,density,alternating,polymer_chemprop,1000,test,0.01765696418582126,0.00041899426128727763,,,,5,2780.0
MD_5000/density/alternating_density/seed_42,MD_5000,density,alternating,polymer_chemprop,3000,test,0.013671135032819613,0.0002792654457559354,,,,5,2780.0
MD_5000/density/alternating_density/seed_42,MD_5000,density,alternating,polymer_chemprop,10000,test,0.011436592746982487,0.00018222315286519757,,,,5,2780.0
MD_5000/density/alternating_density/seed_42,MD_5000,density,alternating,polymer_periodic_graph,300,test,0.03253288620785645,0.0007758563484727654,,,,5,2780.0
MD_5000/density/alternating_density/seed_42,MD_5000,density,alternating,polymer_periodic_graph,1000,test,0.01792273154669472,0.00022199825397320686,,,,5,2780.0
MD_5000/density/alternating_density/seed_42,MD_5000,density,alternating,polymer_periodic_graph,3000,test,0.013934673530087769,0.000265519219676643,,,,5,2780.0
MD_5000/density/alternating_density/seed_42,MD_5000,density,alternating,polymer_periodic_graph,10000,test,0.011546752760718919,9.759247546861432e-05,,,,5,2780.0
MD_5000/density/homopolymer_density/seed_42,MD_5000,density,homopolymer,RDKit_RF,300,test,0.0820025277302536,0.011412959147896536,0.053350760810229395,0.0055021420997142,0.006854670190662567,5,180.0
MD_5000/density/homopolymer_density/seed_42,MD_5000,density,homopolymer,RDKit_RF,300,train,0.030325386230806134,0.0026601467138527325,0.018265619620122915,0.00045794263860057165,0.0009267054305867877,5,300.0
MD_5000/density/homopolymer_density/seed_42,MD_5000,density,homopolymer,RDKit_RF,300,val,0.0892166941816269,0.01309032783664599,0.05509874809384976,0.003256299889458985,0.008130975203568808,5,180.0
MD_5000/density/homopolymer_density/seed_42,MD_5000,density,homopolymer,RDKit_RF,1000,test,0.06406319660739006,0.016628871792682454,0.039961021369956315,0.005502761897112462,0.0043806125366545835,5,180.0
MD_5000/density/homopolymer_density/seed_42,MD_5000,density,homopolymer,RDKit_RF,1000,train,0.022530326478916347,0.0015749192100251272,0.013822169458735458,0.0002677349121704753,0.0005100959817646652,5,1000.0
MD_5000/density/homopolymer_density/seed_42,MD_5000,density,homopolymer,RDKit_RF,1000,val,0.06939909260413664,0.012629687127228223,0.040299025494990426,0.0035810741185847467,0.0049757430512092065,5,180.0
MD_5000/density/homopolymer_density/seed_42,MD_5000,density,homopolymer,polyBERT,300,test,0.12931695013974984,0.01322821567290957,0.09507921238740284,0.0076100868963244785,0.016897859283335558,5,180.0
MD_5000/density/homopolymer_density/seed_42,MD_5000,density,homopolymer,polyBERT,300,train,0.01326119891652378,0.006980973654200361,0.010156985719998677,0.005929282141649538,0.00022459338986425097,5,300.0
MD_5000/density/homopolymer_density/seed_42,MD_5000,density,homopolymer,polyBERT,300,val,0.13229011176841754,0.014734507997306603,0.0957849277390374,0.008283671296411879,0.017717779397623097,5,180.0
MD_5000/density/homopolymer_density/seed_42,MD_5000,density,homopolymer,polyBERT,1000,test,0.0898894742320994,0.007004634032670596,0.0647965794801712,0.003325383708726643,0.008129182475654912,5,180.0
MD_5000/density/homopolymer_density/seed_42,MD_5000,density,homopolymer,polyBERT,1000,train,0.01088507356340494,0.003567834064659001,0.008310466361045838,0.002900609329477408,0.00013121426639367827,5,1000.0
MD_5000/density/homopolymer_density/seed_42,MD_5000,density,homopolymer,polyBERT,1000,val,0.0929259580416371,0.012321769237564147,0.06422768175601959,0.006048820279637122,0.00878705967509988,5,180.0
MD_5000/density/homopolymer_density/seed_42,MD_5000,density,homopolymer,polymer_chemprop,300,test,0.05148111838685719,0.008556087250773566,,,,5,180.0
MD_5000/density/homopolymer_density/seed_42,MD_5000,density,homopolymer,polymer_chemprop,1000,test,0.02739443071545069,0.0029900083700937167,,,,5,180.0
MD_5000/density/homopolymer_density/seed_42,MD_5000,density,homopolymer,polymer_periodic_graph,300,test,0.05606625828634777,0.010501592763447302,,,,5,180.0
MD_5000/density/homopolymer_density/seed_42,MD_5000,density,homopolymer,polymer_periodic_graph,1000,test,0.028893490762496442,0.003120809956544125,,,,5,180.0
MD_5000/refractive_index/alternating_refractive_index/seed_42,MD_5000,refractive_index,alternating,RDKit_RF,300,test,0.11167021110877746,0.0017663740220285253,0.0822192220163557,0.0013087673424137562,0.01247335612626462,5,2651.0
MD_5000/refractive_index/alternating_refractive_index/seed_42,MD_5000,refractive_index,alternating,RDKit_RF,300,train,0.04154748644110693,0.0016226776465829195,0.030221052984846942,0.0014472544457265859,0.0017288267123186838,5,300.0
MD_5000/refractive_index/alternating_refractive_index/seed_42,MD_5000,refractive_index,alternating,RDKit_RF,300,val,0.11481245608736453,0.0018611390936036363,0.08435998005157302,0.0015265621832860476,0.013185363911538748,5,2651.0
MD_5000/refractive_index/alternating_refractive_index/seed_42,MD_5000,refractive_index,alternating,RDKit_RF,1000,test,0.10811888806695943,0.0022075189565557854,0.07876860150874565,0.0017002355136471628,0.01169456709677926,5,2651.0
MD_5000/refractive_index/alternating_refractive_index/seed_42,MD_5000,refractive_index,alternating,RDKit_RF,1000,train,0.04046844505641539,0.0018133755188933995,0.029187542364770124,0.001307306926578671,0.0016409833760566335,5,1000.0
MD_5000/refractive_index/alternating_refractive_index/seed_42,MD_5000,refractive_index,alternating,RDKit_RF,1000,val,0.11102811722277625,0.0013050297041856886,0.08079270588615597,0.0017283380273751363,0.01232894591656335,5,2651.0
MD_5000/refractive_index/alternating_refractive_index/seed_42,MD_5000,refractive_index,alternating,RDKit_RF,3000,test,0.1048474522233647,0.0029414469932515855,0.0751849090249007,0.0020401618113147293,0.011001640348144848,5,2651.0
MD_5000/refractive_index/alternating_refractive_index/seed_42,MD_5000,refractive_index,alternating,RDKit_RF,3000,train,0.03974724916923994,0.0007831821796720841,0.02815750737706495,0.0005440083053812989,0.001580457190848201,5,3000.0
MD_5000/refractive_index/alternating_refractive_index/seed_42,MD_5000,refractive_index,alternating,RDKit_RF,3000,val,0.10750000527652685,0.0013504658426886085,0.07698257254794483,0.001422661134667191,0.011558074892445572,5,2651.0
MD_5000/refractive_index/alternating_refractive_index/seed_42,MD_5000,refractive_index,alternating,RDKit_RF,10000,test,0.10208151537805436,0.0028509041922817053,0.07199070222350558,0.001967834924094537,0.010428763436593517,5,2651.0
MD_5000/refractive_index/alternating_refractive_index/seed_42,MD_5000,refractive_index,alternating,RDKit_RF,10000,train,0.03848804675393666,0.00033208322344799784,0.0269992685923622,0.00031517944856136927,0.00148144002220051,5,10000.0
MD_5000/refractive_index/alternating_refractive_index/seed_42,MD_5000,refractive_index,alternating,RDKit_RF,10000,val,0.10437740159375006,0.0012770791255065684,0.07340659750367651,0.0014666221561241018,0.010896272894555784,5,2651.0
MD_5000/refractive_index/alternating_refractive_index/seed_42,MD_5000,refractive_index,alternating,polyBERT,300,test,0.15405566014101008,0.0064981661945729356,0.11744078906335187,0.004125705340409773,0.023775372585374693,5,2651.0
MD_5000/refractive_index/alternating_refractive_index/seed_42,MD_5000,refractive_index,alternating,polyBERT,300,train,0.06098265813653779,0.01698954677950473,0.04551669232050578,0.012497539084875161,0.0040075292931708185,5,300.0
MD_5000/refractive_index/alternating_refractive_index/seed_42,MD_5000,refractive_index,alternating,polyBERT,300,val,0.15675341546681093,0.003647789247372677,0.11954616306413572,0.0023564091953443365,0.02458493962690389,5,2651.0
MD_5000/refractive_index/alternating_refractive_index/seed_42,MD_5000,refractive_index,alternating,polyBERT,1000,test,0.13478754246931796,0.005077735547075198,0.10327160632731733,0.00492717238955534,0.018193465003204224,5,2651.0
MD_5000/refractive_index/alternating_refractive_index/seed_42,MD_5000,refractive_index,alternating,polyBERT,1000,train,0.08482361901651911,0.005615317738807641,0.06528907351493836,0.005318845968436784,0.0072265781363673506,5,1000.0
MD_5000/refractive_index/alternating_refractive_index/seed_42,MD_5000,refractive_index,alternating,polyBERT,1000,val,0.13667268028077217,0.003959729007759338,0.10499720800961695,0.0034880167353912163,0.018695100988945064,5,2651.0
MD_5000/refractive_index/alternating_refractive_index/seed_42,MD_5000,refractive_index,alternating,polyBERT,3000,test,0.13029008740785217,0.003970852391715888,0.09907470621823455,0.003739322807661095,0.016991274545462558,5,2651.0
MD_5000/refractive_index/alternating_refractive_index/seed_42,MD_5000,refractive_index,alternating,polyBERT,3000,train,0.08535955090279894,0.019173288671804838,0.06586073214213053,0.015239814958254078,0.007653867928819882,5,3000.0
MD_5000/refractive_index/alternating_refractive_index/seed_42,MD_5000,refractive_index,alternating,polyBERT,3000,val,0.1321684522157651,0.003848546251988569,0.10058133258589345,0.00271771494447266,0.01748331106936468,5,2651.0
MD_5000/refractive_index/alternating_refractive_index/seed_42,MD_5000,refractive_index,alternating,polyBERT,10000,test,0.12024261163274404,0.0018559581447038823,0.08982590974299065,0.0026401996168513233,0.0144617302328978,5,2651.0
MD_5000/refractive_index/alternating_refractive_index/seed_42,MD_5000,refractive_index,alternating,polyBERT,10000,train,0.09496199403046683,0.008173733159863182,0.07182951131343843,0.007104096377702685,0.009084590224011067,5,10000.0
MD_5000/refractive_index/alternating_refractive_index/seed_42,MD_5000,refractive_index,alternating,polyBERT,10000,val,0.12196872837902986,0.002242596136363043,0.09086434972461599,0.0024980291150724664,0.014881399939828394,5,2651.0
MD_5000/refractive_index/alternating_refractive_index/seed_42,MD_5000,refractive_index,alternating,polymer_chemprop,300,test,0.11257025675446512,0.0017024087169655775,,,,5,2651.0
MD_5000/refractive_index/alternating_refractive_index/seed_42,MD_5000,refractive_index,alternating,polymer_chemprop,1000,test,0.11028532202918973,0.002057809147064767,,,,5,2651.0
MD_5000/refractive_index/alternating_refractive_index/seed_42,MD_5000,refractive_index,alternating,polymer_chemprop,3000,test,0.1042705242929856,0.0033553328735187317,,,,5,2651.0
MD_5000/refractive_index/alternating_refractive_index/seed_42,MD_5000,refractive_index,alternating,polymer_chemprop,10000,test,0.06861093513651575,0.00278813133443294,,,,5,2651.0
MD_5000/refractive_index/alternating_refractive_index/seed_42,MD_5000,refractive_index,alternating,polymer_periodic_graph,300,test,0.1126451754040314,0.001596786892684447,,,,5,2651.0
MD_5000/refractive_index/alternating_refractive_index/seed_42,MD_5000,refractive_index,alternating,polymer_periodic_graph,1000,test,0.10879485997846652,0.002325473129401575,,,,5,2651.0
MD_5000/refractive_index/alternating_refractive_index/seed_42,MD_5000,refractive_index,alternating,polymer_periodic_graph,3000,test,0.09056848165349951,0.0025323689750954156,,,,5,2651.0
MD_5000/refractive_index/alternating_refractive_index/seed_42,MD_5000,refractive_index,alternating,polymer_periodic_graph,10000,test,0.06735468598836414,0.0012798866020465012,,,,5,2651.0
MD_5000/refractive_index/homopolymer_refractive_index/seed_42,MD_5000,refractive_index,homopolymer,RDKit_RF,300,test,0.030802622458502616,0.0016749666628105109,0.023008978794464757,0.0013029358632074836,0.0009516070636425761,5,172.0
MD_5000/refractive_index/homopolymer_refractive_index/seed_42,MD_5000,refractive_index,homopolymer,RDKit_RF,300,train,0.011385065619357721,0.0008483250488097112,0.00827352769882922,0.0004948974547506208,0.00013033937454551918,5,300.0
MD_5000/refractive_index/homopolymer_refractive_index/seed_42,MD_5000,refractive_index,homopolymer,RDKit_RF,300,val,0.03163540626342336,0.0013531097188422708,0.022882111359202463,0.0007876051864426749,0.0010026298353630711,5,172.0
MD_5000/refractive_index/homopolymer_refractive_index/seed_42,MD_5000,refractive_index,homopolymer,RDKit_RF,1000,test,0.02497467494042838,0.0015404903843548262,0.01780208437819191,0.0007153238506119632,0.000626107499004351,5,172.0
MD_5000/refractive_index/homopolymer_refractive_index/seed_42,MD_5000,refractive_index,homopolymer,RDKit_RF,1000,train,0.00957415738637428,0.0002561773466626606,0.006561136327877354,0.000182273971211018,9.173011649200828e-05,5,1000.0
MD_5000/refractive_index/homopolymer_refractive_index/seed_42,MD_5000,refractive_index,homopolymer,RDKit_RF,1000,val,0.024435124953233904,0.0016747912187690202,0.017682690563825428,0.001328454089452822,0.00059988025710662,5,172.0
MD_5000/refractive_index/homopolymer_refractive_index/seed_42,MD_5000,refractive_index,homopolymer,polyBERT,300,test,0.12961761234062816,0.007129540625610066,0.09881925672985786,0.004556454034642183,0.016851555778417585,5,172.0
MD_5000/refractive_index/homopolymer_refractive_index/seed_42,MD_5000,refractive_index,homopolymer,polyBERT,300,train,0.012370561195984477,0.009010647951957254,0.009472249031066894,0.007499419298977089,0.00023422256081770838,5,300.0
MD_5000/refractive_index/homopolymer_refractive_index/seed_42,MD_5000,refractive_index,homopolymer,polyBERT,300,val,0.13100709625032933,0.0072421757019524614,0.09859149123347083,0.006407869237795862,0.01721530837684101,5,172.0
MD_5000/refractive_index/homopolymer_refractive_index/seed_42,MD_5000,refractive_index,homopolymer,polyBERT,1000,test,0.0777560542047957,0.0033743380244028514,0.059471299204715465,0.002721093362379119,0.006057390122602058,5,172.0
MD_5000/refractive_index/homopolymer_refractive_index/seed_42,MD_5000,refractive_index,homopolymer,polyBERT,1000,train,0.006129201221304739,0.0027157666020980946,0.004820679163932801,0.002235978946794887,4.494249584831493e-05,5,1000.0
MD_5000/refractive_index/homopolymer_refractive_index/seed_42,MD_5000,refractive_index,homopolymer,polyBERT,1000,val,0.08384244403263909,0.0016461540644841708,0.06030496400456096,0.0009345731791480752,0.007032265244570237,5,172.0
MD_5000/refractive_index/homopolymer_refractive_index/seed_42,MD_5000,refractive_index,homopolymer,polymer_chemprop,300,test,0.02541400055429154,0.002709675429899452,,,,5,172.0
MD_5000/refractive_index/homopolymer_refractive_index/seed_42,MD_5000,refractive_index,homopolymer,polymer_chemprop,1000,test,0.02053226649939882,0.0023504637696135358,,,,5,172.0
MD_5000/refractive_index/homopolymer_refractive_index/seed_42,MD_5000,refractive_index,homopolymer,polymer_periodic_graph,300,test,0.023180457962005747,0.0025210153574245654,,,,5,172.0
MD_5000/refractive_index/homopolymer_refractive_index/seed_42,MD_5000,refractive_index,homopolymer,polymer_periodic_graph,1000,test,0.018147449892599254,0.0010603899271566309,,,,5,172.0
PolyMetriX/Tg/Tg/seed_42,PolyMetriX,Tg,homopolymer,RDKit_RF,300,test,56.97245400952382,2.045289711337652,42.80382203527817,1.4067741178080957,3250.0437258706115,5,737.0
PolyMetriX/Tg/Tg/seed_42,PolyMetriX,Tg,homopolymer,RDKit_RF,300,train,20.81558103479501,0.7770459340739367,15.732828499999988,0.45479389105121554,433.8922141997785,5,300.0
PolyMetriX/Tg/Tg/seed_42,PolyMetriX,Tg,homopolymer,RDKit_RF,300,val,56.14298982465294,1.3461696881774543,42.32285257801904,0.8389893103323856,3153.847479280451,5,737.0
PolyMetriX/Tg/Tg/seed_42,PolyMetriX,Tg,homopolymer,RDKit_RF,1000,test,50.63974664767774,1.7097101666345513,36.56868459972863,0.8832366034044242,2567.3070493948826,5,737.0
PolyMetriX/Tg/Tg/seed_42,PolyMetriX,Tg,homopolymer,RDKit_RF,1000,train,18.631496006539173,0.3978048277044029,13.557501989999981,0.2578272551130408,347.29089212263005,5,1000.0
PolyMetriX/Tg/Tg/seed_42,PolyMetriX,Tg,homopolymer,RDKit_RF,1000,val,50.45427307635532,1.6695955157183267,36.75023074626868,0.7383504804041987,2548.42122084954,5,737.0
PolyMetriX/Tg/Tg/seed_42,PolyMetriX,Tg,homopolymer,RDKit_RF,3000,test,44.6391626071922,1.8294400109048636,31.078320407055617,0.8151487153831797,1996.0016890248457,5,737.0
PolyMetriX/Tg/Tg/seed_42,PolyMetriX,Tg,homopolymer,RDKit_RF,3000,train,16.49163063386843,0.2298500599017481,11.642672249999979,0.10101315415040477,272.0267120139844,5,3000.0
PolyMetriX/Tg/Tg/seed_42,PolyMetriX,Tg,homopolymer,RDKit_RF,3000,val,44.05833641383917,0.7687161411516863,31.257346105834493,0.4425525779706506,1941.7279320606935,5,737.0
PolyMetriX/Tg/Tg/seed_42,PolyMetriX,Tg,homopolymer,polyBERT,300,test,62.44750523609779,1.275431623434692,46.95710881930678,1.53356593144583,3901.317636038518,5,737.0
PolyMetriX/Tg/Tg/seed_42,PolyMetriX,Tg,homopolymer,polyBERT,300,train,22.031181765488544,1.7044223867121653,16.634338297526043,1.483169987633837,488.27802565632044,5,300.0
PolyMetriX/Tg/Tg/seed_42,PolyMetriX,Tg,homopolymer,polyBERT,300,val,60.99244019492755,1.874056292363295,46.216845703125,1.6970645718047277,3723.589847918761,5,737.0
PolyMetriX/Tg/Tg/seed_42,PolyMetriX,Tg,homopolymer,polyBERT,1000,test,51.86402750897757,1.4113492491230406,37.55510140448768,1.5369426160475828,2691.8692561549824,5,737.0
PolyMetriX/Tg/Tg/seed_42,PolyMetriX,Tg,homopolymer,polyBERT,1000,train,20.80640875231967,2.5113726141161226,15.171028237915039,1.9554182745042978,439.2136375755369,5,1000.0
PolyMetriX/Tg/Tg/seed_42,PolyMetriX,Tg,homopolymer,polyBERT,1000,val,51.27703377160445,1.2089003808430756,37.00577851584032,0.9354323444353737,2630.7956325450664,5,737.0
PolyMetriX/Tg/Tg/seed_42,PolyMetriX,Tg,homopolymer,polyBERT,3000,test,44.43400461617423,1.6919740370784018,31.084789368255493,1.0427112035475383,1977.24354237234,5,737.0
PolyMetriX/Tg/Tg/seed_42,PolyMetriX,Tg,homopolymer,polyBERT,3000,train,22.328133753024456,4.461650265434285,16.365665178426106,3.433296352509302,518.4518799839999,5,3000.0
PolyMetriX/Tg/Tg/seed_42,PolyMetriX,Tg,homopolymer,polyBERT,3000,val,43.380572623921,0.8505413197792743,30.831793125934162,0.853851523630703,1882.5975017159362,5,737.0
PolyMetriX/Tg/Tg/seed_42,PolyMetriX,Tg,homopolymer,polymer_chemprop,300,test,50.36088228873463,1.817345918338889,,,,5,737.0
PolyMetriX/Tg/Tg/seed_42,PolyMetriX,Tg,homopolymer,polymer_chemprop,1000,test,45.699243503322734,2.1935469372821754,,,,5,737.0
PolyMetriX/Tg/Tg/seed_42,PolyMetriX,Tg,homopolymer,polymer_chemprop,3000,test,40.571720823108876,2.6848008846039426,,,,5,737.0
PolyMetriX/Tg/Tg/seed_42,PolyMetriX,Tg,homopolymer,polymer_periodic_graph,300,test,52.44469813139101,2.8685452114345704,,,,5,737.0
PolyMetriX/Tg/Tg/seed_42,PolyMetriX,Tg,homopolymer,polymer_periodic_graph,1000,test,46.58882339611357,2.290890082658682,,,,5,737.0
PolyMetriX/Tg/Tg/seed_42,PolyMetriX,Tg,homopolymer,polymer_periodic_graph,3000,test,41.69075120945812,2.092991291906428,,,,5,737.0
