model,set,architecture,fold,n_samples,rmse,mae
RDKit RF,ID,alternating,fold_00,611,0.14994940147054997,0.10982333540199862
RDKit RF,ID,homopolymer,fold_00,37,0.5464325070952408,0.3939272952412819
RDKit RF,ID,alternating,fold_01,611,0.16956356232578787,0.11852219993568813
RDKit RF,ID,homopolymer,fold_01,37,0.6372478439903493,0.4561778158377422
RDKit RF,ID,alternating,fold_02,611,0.1477774761838071,0.10589572558426967
RDKit RF,ID,homopolymer,fold_02,37,0.3679481013238111,0.31349707521743186
RDKit RF,ID,alternating,fold_03,611,0.1641078286636386,0.1192231364679986
RDKit RF,ID,homopolymer,fold_03,37,0.5620916920456817,0.4695384659529995
RDKit RF,ID,alternating,fold_04,611,0.14807475492503827,0.10628597632571508
RDKit RF,ID,homopolymer,fold_04,37,0.47777122499542657,0.3773701604876163
polyBERT,ID,alternating,fold_00,611,0.16037832429784682,0.11902406464811784
polyBERT,ID,homopolymer,fold_00,37,0.31553646431815574,0.24493227405405396
polyBERT,ID,alternating,fold_01,611,0.15239611208711054,0.11386152995090015
polyBERT,ID,homopolymer,fold_01,37,0.44333155931809665,0.3385910956756757
polyBERT,ID,alternating,fold_02,611,0.16513624711053457,0.11770439459901799
polyBERT,ID,homopolymer,fold_02,37,0.30835388047416956,0.22926980567567565
polyBERT,ID,alternating,fold_03,611,0.167460550982354,0.12245677348608837
polyBERT,ID,homopolymer,fold_03,37,0.3968134912002438,0.2726956162162163
polyBERT,ID,alternating,fold_04,611,0.15996979467156702,0.11906853486088381
polyBERT,ID,homopolymer,fold_04,37,0.391425662694156,0.26995901486486484
Chemprop,ID,alternating,fold_00,611,0.05764150292033411,0.04211634415504781
Chemprop,ID,homopolymer,fold_00,37,0.2830173969256737,0.20365028700254953
Chemprop,ID,alternating,fold_01,611,0.06261248601049033,0.04293334780089851
Chemprop,ID,homopolymer,fold_01,37,0.2860999214247566,0.22336512103746808
Chemprop,ID,alternating,fold_02,611,0.05517168572996789,0.04244153022485632
Chemprop,ID,homopolymer,fold_02,37,0.34576616837990276,0.21822465608259187
Chemprop,ID,alternating,fold_03,611,0.06023548558027415,0.04432099530995975
Chemprop,ID,homopolymer,fold_03,37,0.2673863209608321,0.19797095296125475
Chemprop,ID,alternating,fold_04,611,0.053177150061688716,0.03954529071923561
Chemprop,ID,homopolymer,fold_04,37,0.24728855682722398,0.19569108006941666
Periodic graph,ID,alternating,fold_00,611,0.06839933240925895,0.05235915270409878
Periodic graph,ID,homopolymer,fold_00,37,0.2932835582007726,0.2067941434232908
Periodic graph,ID,alternating,fold_01,611,0.06981432640947406,0.05020181342737069
Periodic graph,ID,homopolymer,fold_01,37,0.33434639972899516,0.242947301686437
Periodic graph,ID,alternating,fold_02,611,0.06511680250177913,0.04974281717122895
Periodic graph,ID,homopolymer,fold_02,37,0.3241164328808962,0.21913553078350265
Periodic graph,ID,alternating,fold_03,611,0.06870889382015281,0.05175210153440857
Periodic graph,ID,homopolymer,fold_03,37,0.23339270695329478,0.1778485488266821
Periodic graph,ID,alternating,fold_04,611,0.06736291460264122,0.05105745640166713
Periodic graph,ID,homopolymer,fold_04,37,0.28848917242304695,0.22325311429933098
Chemprop,OOD,block,ensemble_5,18414,0.16403372227298754,0.11499889925949819
Chemprop,OOD,random,ensemble_5,18414,0.11333353164815015,0.0797607467908242
Chemprop,OOD,combined,ensemble_5,36828,0.1409814729646663,0.0973798230251612
Periodic graph,OOD,block,ensemble_5,18414,0.48890048412971526,0.4120090466993175
Periodic graph,OOD,random,ensemble_5,18414,0.4380037150871532,0.3645652672501228
Periodic graph,OOD,combined,ensemble_5,36828,0.4641502654380465,0.3882871569747202
RDKit RF,OOD,block,ensemble_5,18414,0.580657573879041,0.4926287947666749
RDKit RF,OOD,random,ensemble_5,18414,0.5355172562800851,0.45365100658418617
RDKit RF,OOD,combined,ensemble_5,36828,0.558543619548574,0.47313990067543055
polyBERT,OOD,block,ensemble_5,18414,0.5318870905351408,0.4355462326556203
polyBERT,OOD,random,ensemble_5,18414,0.49420792456915796,0.4001812155011802
polyBERT,OOD,combined,ensemble_5,36828,0.5133932945534504,0.4178637240784002
